排名,股票代码,股票名称,持股股东数量,最高涨幅股东,10日平均涨幅,30日平均涨幅,60日平均涨幅
1,603156,养元饮品,11,赵庆勋,0.33024119,0.46320346,0.46320346
2,002787,华源控股,10,孟凡清,0.30703746,0.55334847,0.55334847
3,300243,瑞丰高材,9,蔡成玉,0.28804703,0.33442195,0.33442195
4,688551,科威尔,8,田荣华,0.39597315,0.52527964,0.52527964
5,300943,春晖智控,8,於君标,0.24931224,0.33837689,0.33837689
6,600381,*ST春天,7,韩阳,0.34261838,0.34261838,0.34261838
7,603938,三孚股份,7,冯瑞红,0.16339227,0.38310413,0.38310413
8,688096,京源环保,7,张津生,0.43942993,0.43942993,0.43942993
9,300210,森远股份,7,王冬玲,0.12952799,0.32272228,0.32272228
10,002885,京泉华,7,鞠万金,0.25064683,0.37580854,0.37580854
11,920156,海昌智能,7,汪培志,0.59396962,0.59396962,0.59396962
12,300449,汉邦高科,7,张志君,0.66574586,0.66574586,0.66574586
13,001359,平安电工,7,李鲸波,0.37005988,0.37005988,0.37005988
14,603095,越剑智能,7,马红光,0.42321016,0.46882217,0.46882217
15,300302,同有科技,6,欧建峰,0.7,0.7,0.7
16,688400,凌云光,6,姚毅,0.34695529,0.34695529,0.34695529
17,300983,尤安设计,6,余志峰,0.59044481,0.59044481,0.59044481
18,300553,集智股份,6,杨江波,0.39302615,0.43910336,0.43910336
19,300570,太辰光,6,肖湘杰,0.31774795,0.32982849,0.32982849
20,002930,宏川智慧,6,陈乐君,0.33093525,0.33093525,0.33093525
21,301248,杰创智能,6,沈超,0.28097475,0.39841456,0.39841456
22,300283,温州宏丰,6,陈晓,0.47659574,0.46382979,0.46382979
23,300745,欣锐科技,6,郑秀攀,0.40770791,0.40770791,0.40770791
24,300656,民德电子,6,许文焕,0.32224532,0.32224532,0.32224532
25,920152,昆工科技,6,刘昕宇,0.37086559,0.37086559,0.37086559
26,600683,京投发展,6,韩松行,0.32827586,0.32827586,0.32827586
27,688693,锴威特,6,丁国华,0.45208333,0.45208333,0.45208333
28,920186,中科仪,6,王光玉,0.63795499,0.63795499,0.63795499
29,688800,瑞可达,6,黄博,0.47284138,0.47284138,0.47284138
30,301328,维峰电子,6,李文化,0.31453613,0.32760046,0.32760046
31,002199,*ST东晶,6,李庆跃,0.42813142,0.42813142,0.42813142
32,603353,和顺石油,5,高云安,0.46569704,0.44566411,0.44566411
33,300736,百邦科技,5,刘一苇,0.63311688,0.65909091,0.65909091
34,300868,杰美特,5,谌建平,0.34344847,0.30429311,0.30429311
35,300903,科翔股份,5,谭东,0.71804418,0.78704393,0.78704393
36,603559,ST通脉,5,徐爱云,0.32554945,0.32554945,0.32554945
37,301319,唯特偶,5,于泽兵,0.30777732,0.38872772,0.38872772
38,603636,南威软件,5,龚强,0.30803571,0.30803571,0.30803571
39,301389,隆扬电子,5,胡美囡,0.31636482,0.31636482,0.31636482
40,688159,有方科技,5,方国飞,0.40612628,0.40612628,0.40612628
41,688069,德林海,5,胡明明,0.53048276,0.53048276,0.53048276
42,301387,光大同创,5,蒋凌辉,0.43588902,0.41372517,0.41372517
43,301115,联检科技,5,周剑峰,0.37312661,0.37312661,0.37312661
44,301171,易点天下,5,王向阳,0.34099379,0.34099379,0.34099379
45,301373,凌玮科技,5,胡湘仲,0.32299025,0.33953322,0.33953322
46,301502,华阳智能,5,许燕飞,0.46259925,0.46259925,0.46259925
47,920699,海达尔,5,陈思思,0.70908184,0.70908184,0.70908184
48,002903,宇环数控,5,许世雄,0.32532751,0.32532751,0.32532751
49,300257,开山股份,5,周永祥,0.30010208,0.30010208,0.30010208
50,920425,乐创技术,5,孔慧勇,0.41640867,0.41640867,0.41640867
51,920181,赛英电子,5,陈蓓璐,0.41779944,0.41779944,0.41779944
52,920111,聚星科技,5,徐静峰,0.29057799,0.39548694,0.39548694
53,002757,南兴股份,5,陈兆伦,0.37361173,0.43225233,0.43225233
54,002918,蒙娜丽莎,5,萧华,0.35087719,0.35087719,0.35087719
55,603063,禾望电气,5,盛小军,0.27447392,0.88655078,0.88655078
56,688300,联瑞新材,4,刘春昱,0.51350387,0.51350387,0.51350387
57,603688,石英股份,4,邵静,0.3875,0.44299242,0.44299242
58,688282,理工导航,4,高志峰,0.30190869,0.30190869,0.30190869
59,301369,联动科技,4,袁桂慧,0.4749926,0.4749926,0.4749926
60,002491,通鼎互联,4,沈小平,0.7056962,0.7056962,0.7056962
61,300536,农尚环境,4,张亚洲,0.43589744,0.43589744,0.43589744
62,002397,梦洁股份,4,姜天武,0.33949192,0.30715935,0.30715935
63,603931,格林达,4,秦晓莉,0.41671985,0.44033184,0.44033184
64,603895,天永智能,4,魏延军,0.33943018,0.33943018,0.33943018
65,603738,泰晶科技,4,喻信东,0.4091858,0.4091858,0.4091858
66,600330,天通股份,4,潘建忠,0.32740348,0.32740348,0.32740348
67,688625,呈和科技,4,崔皓,0.31849315,0.31849315,0.31849315
68,920125,鸿仕达,4,郭剑波,1.09436494,1.09436494,1.09436494
69,002208,合肥城建,4,雷剑,0.40734949,0.40734949,0.40734949
70,688381,帝奥微,4,罗杰骅,0.18649635,0.31094891,0.31094891
71,001259,利仁科技,4,齐连英,0.54320988,0.54320988,0.54320988
72,600719,大连热电,4,骆申涛,0.43902439,0.46747967,0.46747967
73,600769,祥龙电业,4,刘玉贤,0.36345776,0.44073346,0.44073346
74,603269,海鸥股份,4,张中协,0.43049933,0.43049933,0.43049933
75,001211,双枪科技,4,郑承烈,0.31775,0.31775,0.31775
76,603936,博敏电子,4,谢建中,0.43114543,0.43114543,0.43114543
77,688416,恒烁股份,4,孟祥薇,0.30975866,0.32843652,0.32843652
78,301235,华康洁净,4,李洪泉,0.24092409,0.31023102,0.31023102
79,688017,绿的谐波,4,李谦,0.3299308,0.37238063,0.37238063
80,300316,晶盛机电,4,邱敏秀,0.34036743,0.34036743,0.34036743
81,300959,线上线下,4,肖诗强,0.40831579,0.40831579,0.40831579
82,300209,行云科技,4,王维,0.501468,0.501468,0.501468
83,688508,芯朋微,4,薛伟明,0.26412536,0.36281452,0.36281452
84,003036,泰坦股份,4,梁行先,0.2956237,0.30991366,0.30991366
85,300905,宝丽迪,4,杨军辉,0.36257833,0.36257833,0.36257833
86,002929,润建股份,4,梁姬,0.4708445,0.4708445,0.4708445
87,300780,德恩精工,4,谢龙德,0.34862779,0.35763293,0.35763293
88,688260,昀冢科技,4,王宾,0.4442248,0.4442248,0.4442248
89,300835,龙磁科技,4,张剑兴,0.3263792,0.3263792,0.3263792
90,603950,长源东谷,4,李佐元,0.38059299,0.38059299,0.38059299
91,301196,唯科科技,4,张侃,0.49756314,0.49756314,0.49756314
92,688515,裕太微,4,唐晓峰,0.65808682,0.65808682,0.65808682
93,603278,大业股份,3,窦勇,0.36517857,0.36517857,0.36517857
94,920438,戈碧迦,3,虞顺积,0.74905571,0.74905571,0.74905571
95,688184,ST帕瓦,3,张宝,0.37598425,0.35728346,0.35728346
96,688307,中润光学,3,张平华,0.36926193,0.36926193,0.36926193
97,688328,深科达,3,肖演加,0.37986224,0.37986224,0.37986224
98,603629,利通电子,3,邵秋萍,0.4470884,0.4470884,0.4470884
99,688456,有研粉材,3,李家佑,0.41003756,0.47251622,0.47251622
100,688535,华海诚科,3,韩江龙,0.35562592,0.35562592,0.35562592
101,605168,三人行,3,崔蕾,0.3660694,0.3660694,0.3660694
102,688677,海泰新光,3,ZHENG ANMIN,0.43983025,0.39739315,0.39739315
103,603007,花王股份,3,罗秋娥,0.43686007,0.43686007,0.43686007
104,688655,迅捷兴,3,王玉良,0.87163999,0.82784657,0.82784657
105,600172,黄河旋风,3,何乔,0.40450771,0.40450771,0.40450771
106,300820,英杰电气,3,周英怀,0.30165485,0.30165485,0.30165485
107,002207,*ST准油,3,陈建勇,0.33866279,0.33866279,0.33866279
108,301055,张小泉,3,王海涛,0.3883792,0.3883792,0.3883792
109,301183,东田微,3,高登华,0.43698342,0.43698342,0.43698342
110,300872,天阳科技,3,欧阳建平,0.30310717,0.30310717,0.30310717
111,002552,宝鼎科技,3,唐杏根,0.58371247,0.58371247,0.58371247
112,300843,胜蓝股份,3,潘浩,0.34522131,0.34522131,0.34522131
113,301603,乔锋智能,3,蒋修华,0.30304472,0.30304472,0.30304472
114,600130,波导股份,3,阎洪林,0.38961039,0.38961039,0.38961039
115,300819,聚杰微纤,3,仲湘聚,0.53546789,0.53546789,0.53546789
116,002943,宇晶股份,3,杨宇红,0.30066183,0.30066183,0.30066183
117,300632,光莆股份,3,林瑞梅,0.70113568,0.83682008,0.83682008
118,300395,菲利华,3,周生高,0.37121703,0.37806571,0.37806571
119,688371,菲沃泰,2,洪冬平,0.49231392,0.49231392,0.49231392
120,688478,晶升股份,2,张小潞,0.36409156,0.36409156,0.36409156
121,300042,朗科科技,2,邓国顺,0.36673152,0.36673152,0.36673152
122,688120,华海清科,2,路新春,0.12208482,0.35974618,0.35974618
123,301000,肇民科技,2,赵洪吉,0.37127976,0.37127976,0.37127976
124,688167,炬光科技,2,刘兴胜,0.47882084,0.47882084,0.47882084
125,300398,飞凯材料,2,常双军,0.11156634,0.31768043,0.31768043
126,688603,天承科技,2,童茂军,0.36773547,0.36773547,0.36773547
127,002805,丰元股份,2,赵光辉,0.31439576,0.31439576,0.31439576
128,002902,铭普光磁,2,杨先进,0.42945021,0.53594771,0.53594771
129,603045,福达合金,2,王中男,0.65188518,0.65188518,0.65188518
130,300604,长川科技,2,赵轶,0.34860759,0.44303797,0.44303797
131,688090,瑞松科技,2,孙圣杰,0.33145173,0.33145173,0.33145173
132,688323,瑞华泰,2,林茂波,0.30554398,0.30554398,0.30554398
133,300816,艾可蓝,2,汪良美,0.31350114,0.37696415,0.37696415
134,688536,思瑞浦,2,ZHIXU ZHOU,0.30172414,0.30172414,0.30172414
135,688719,爱科赛博,2,白小青,0.20950888,0.32828283,0.32828283
136,603773,沃格光电,2,黄静红,0.32280992,0.45619835,0.45619835
137,600726,华电能源,2,陈才林,0.4800759,0.60721063,0.60721063
138,600667,太极实业,2,赵振元,0.26364573,0.36560247,0.36560247
139,002183,怡亚通,2,季晓英,0.32291667,0.32291667,0.32291667
140,600589,大位科技,2,肖健,0.34657398,0.34657398,0.34657398
141,601126,四方股份,2,杨奇逊,0.45423729,0.45423729,0.45423729
142,603203,快克智能,2,戚国强,0.21820557,0.33993902,0.33993902
143,000672,上峰水泥,2,俞聪,0.356974,0.356974,0.356974
144,301511,德福科技,2,马科,0.5579157,0.69532028,0.69532028
145,301308,江波龙,2,蔡丽江,0.60309143,0.60309143,0.60309143
146,301217,铜冠铜箔,2,刘理彬,0.67387997,0.67387997,0.67387997
147,000720,新能泰山,2,胡学敏,0.35791757,0.35791757,0.35791757
148,301176,逸豪新材,2,张剑萌,0.37832311,0.36332652,0.36332652
149,605358,立昂微,2,马名希,0.35233693,0.35233693,0.35233693
150,002081,金螳螂,2,倪林,0.47014925,0.47014925,0.47014925
151,688584,上海合晶,1,计平,0.31627233,0.31627233,0.31627233
152,002008,大族激光,1,高云峰,0.21131466,0.59622845,0.59622845
153,002655,共达电声,1,俞蓓莉,0.37581842,0.60104758,0.60104758
154,002158,汉钟精机,1,黄国斌,0.26951456,0.30291262,0.30291262
155,688785,恒运昌,1,乐卫平,0.39364525,0.39364525,0.39364525
156,002281,光迅科技,1,卜浩文,0.50964459,0.50341738,0.50341738
157,002428,云南锗业,1,赖春金,0.44993572,0.44993572,0.44993572
158,002484,江海股份,1,徐永华,0.29602572,0.38194039,0.38194039
159,688766,普冉股份,1,李兆桂,0.64736645,0.64736645,0.64736645
160,601991,大唐发电,1,丁仙明,0.71794872,0.71794872,0.71794872
161,688530,欧莱新材,1,文宏福,0.43428571,0.47038961,0.47038961
162,600396,华电辽能,1,杨乾,0.66935484,0.66935484,0.66935484
163,601208,东材科技,1,唐安斌,0.34192792,0.45326692,0.45326692
164,601016,节能风电,1,张家玮,0.32159624,0.32159624,0.32159624
165,603186,华正新材,1,郭江程,0.16427799,0.41508924,0.41508924
166,600869,远东股份,1,田少武,0.10186263,0.34284051,0.34284051
167,603399,永杉锂业,1,汪小峰,0.44791017,0.44791017,0.44791017
168,603618,杭电股份,1,华建飞,0.31768827,0.38108581,0.38108581
169,600498,烽火通信,1,郑启安,0.30291345,0.30291345,0.30291345
170,605006,山东玻纤,1,张善俊,0.36954662,0.36954662,0.36954662
171,300571,平治信息,1,王纪娜,0.48211765,0.48211765,0.48211765
172,688003,天准科技,1,徐一华,0.12427578,0.349073,0.349073
173,301169,零点有数,1,麻颖,0.33738602,0.33738602,0.33738602
174,301093,华兰股份,1,华一敏,0.35911248,0.38232654,0.38232654
175,688234,天岳先进,1,宗艳民,0.39355636,0.39355636,0.39355636
176,300693,盛弘股份,1,盛剑明,0.28138439,0.42535327,0.42535327
177,300672,国科微,1,向平,0.5107721,0.5107721,0.5107721
178,688449,联芸科技,1,方小玲,0.50085106,0.50085106,0.50085106
179,000066,中国长城,1,徐建东,0.39789123,0.39789123,0.39789123
